<?xml version="1.0" encoding="UTF-8"?>
<project-private xmlns="http://www.netbeans.org/ns/project-private/1">
    <open-files xmlns="http://www.netbeans.org/ns/projectui-open-files/2">
        <group>
            <file>file:/D:/SMT%206/pbo/KuisPBO-main/123210172_KuisPBO/src/Puisi.java</file>
            <file>file:/D:/SMT%206/pbo/KuisPBO-main/123210172_KuisPBO/src/Main.java</file>
            <file>file:/D:/SMT%206/pbo/KuisPBO-main/123210172_KuisPBO/src/Penilaian.java</file>
            <file>file:/D:/SMT%206/pbo/KuisPBO-main/123210172_KuisPBO/src/KaryaTulis.java</file>
        </group>
    </open-files>
</project-private>
